area,avg_rental_yield,min_annual_income,rera_registered,rera_compliance_pct
Hinjewadi,4.832666666666666,2246990.6,0.9777777777777777,97.77777777777777
Kharadi,4.585595238095238,2721666.75,0.8928571428571429,89.28571428571429
Koregaon Park,3.6088837209302325,5872361.530232558,0.9395348837209302,93.95348837209302
